Residue Number,Normalised Score
178,1.0
181,0.99719
220,0.94774
180,0.94563
182,0.84551
265,0.79517
179,0.59512
111,0.50764
190,0.43131
186,0.35734
262,0.35653
183,0.28473
119,0.26037
189,0.26001
114,0.25833
261,0.24406
175,0.23198
268,0.20308
215,0.19786
287,0.17902
192,0.15017
296,0.13226
151,0.1195
184,0.11878
291,0.11625
227,0.1157
272,0.11504
195,0.10457
188,0.09382
110,0.09052
196,0.08918
176,0.08266
115,0.07444
193,0.07248
44,0.07062
294,0.0694
150,0.06898
256,0.06799
290,0.06599
295,0.06576
264,0.06375
219,0.06354
185,0.06211
191,0.06103
120,0.05894
152,0.0575
253,0.05204
223,0.05156
113,0.04986
149,0.04982
269,0.04374
224,0.0429
267,0.04153
194,0.04129
117,0.04084
298,0.03964
271,0.0392
42,0.03793
199,0.03679
279,0.03554
187,0.03409
118,0.031
45,0.03099
297,0.0309
266,0.02984
63,0.02738
275,0.02553
198,0.02551
65,0.02519
67,0.02472
270,0.02463
293,0.02448
48,0.02359
109,0.02325
260,0.02319
284,0.02291
285,0.02277
177,0.02242
112,0.02113
217,0.02109
49,0.02015
259,0.01937
96,0.01936
39,0.01888
60,0.01577
202,0.01553
43,0.01519
244,0.01515
207,0.0148
10,0.0148
155,0.01452
82,0.01446
50,0.01432
38,0.01379
153,0.01372
19,0.01372
197,0.0133
288,0.0131
226,0.01289
249,0.01289
123,0.01271
216,0.01259
78,0.01242
273,0.0124
59,0.01198
174,0.01196
68,0.01189
258,0.01178
246,0.01174
252,0.01138
6,0.01135
212,0.01129
73,0.01116
107,0.01098
229,0.01094
83,0.01091
278,0.01061
228,0.01041
95,0.01032
282,0.01017
240,0.01004
100,0.00989
53,0.0098
214,0.0097
134,0.0097
280,0.00961
34,0.00961
71,0.00943
234,0.00932
245,0.0093
56,0.00903
80,0.0089
52,0.00885
18,0.00876
40,0.00863
248,0.00861
171,0.00856
22,0.00847
99,0.00846
2,0.00843
89,0.00835
4,0.00832
31,0.00806
104,0.00806
231,0.00802
242,0.008
106,0.0079
9,0.00779
168,0.00775
257,0.00761
69,0.00754
98,0.00748
292,0.00743
200,0.00738
147,0.00726
255,0.00714
276,0.00709
75,0.00707
277,0.00706
233,0.00704
222,0.00702
55,0.00698
94,0.00691
23,0.0069
283,0.0069
289,0.00688
136,0.00679
87,0.00678
15,0.00677
84,0.00677
173,0.00677
54,0.00676
103,0.00675
86,0.00673
33,0.00666
157,0.00665
90,0.00663
108,0.00654
93,0.00646
241,0.00641
172,0.0064
236,0.0064
122,0.00633
213,0.00632
166,0.00614
237,0.00608
235,0.00607
238,0.00591
102,0.00586
137,0.00577
3,0.00576
225,0.00574
35,0.00562
13,0.00557
20,0.00553
91,0.00552
281,0.0053
201,0.00523
286,0.00522
210,0.00513
159,0.00505
21,0.00498
243,0.00493
230,0.00488
232,0.00482
8,0.00466
239,0.00466
139,0.00463
88,0.00452
263,0.00449
254,0.00449
51,0.00428
41,0.00427
221,0.00417
57,0.00415
138,0.00396
105,0.00388
47,0.00387
121,0.00386
203,0.00383
160,0.0038
141,0.00376
37,0.00362
76,0.00362
25,0.00358
27,0.00358
162,0.00355
32,0.00354
24,0.00353
250,0.00349
247,0.00345
218,0.00343
46,0.00342
161,0.0033
204,0.00321
11,0.00319
5,0.00316
14,0.00316
64,0.00307
116,0.00306
36,0.00303
16,0.00295
208,0.00293
81,0.00293
156,0.00289
26,0.00256
164,0.00254
17,0.00237
211,0.00234
101,0.00234
72,0.00232
140,0.00226
126,0.00222
30,0.00218
154,0.00212
169,0.00211
70,0.0021
85,0.00207
170,0.00183
74,0.00176
274,0.00175
61,0.00173
167,0.00172
165,0.00168
209,0.00168
135,0.00161
142,0.00161
146,0.0016
148,0.0016
158,0.00149
97,0.00149
28,0.00141
124,0.00134
7,0.00134
163,0.00119
131,0.00112
128,0.00107
130,0.00107
145,0.00089
132,0.00086
133,0.00084
62,0.00079
127,0.00078
129,0.00078
58,0.00075
205,0.00057
12,0.00034
251,0.00032
77,0.00028
66,0.00026
79,6e-05
29,2e-05
92,0.0
125,0.0
143,0.0
144,0.0
206,0.0
